"Data","Último","Abertura","Máxima","Mínima","Vol.","Var%"
"31.08.2021","72,99","73,14","73,52","72,62","12,59K","-0,57%"
"30.08.2021","73,41","73,25","73,69","72,00","68,66K","0,98%"
"27.08.2021","72,70","71,53","72,76","71,17","92,20K","2,29%"
"26.08.2021","71,07","71,94","72,13","70,66","179,57K","-1,63%"
"25.08.2021","72,25","71,00","72,42","70,50","242,07K","1,69%"
"24.08.2021","71,05","68,66","71,27","68,53","301,30K","3,35%"
"23.08.2021","68,75","64,97","68,90","64,60","271,56K","5,48%"
"20.08.2021","65,18","66,54","66,93","64,94","254,45K","-1,91%"
"19.08.2021","66,45","67,57","67,64","65,57","345,97K","-2,61%"
"18.08.2021","68,23","68,96","70,04","67,23","316,98K","-1,16%"
"17.08.2021","69,03","69,77","70,00","68,82","239,96K","-0,69%"
"16.08.2021","69,51","70,05","70,45","68,14","294,02K","-1,53%"
"13.08.2021","70,59","71,12","71,38","70,00","202,42K","-1,01%"
"12.08.2021","71,31","71,57","71,90","70,67","224,99K","-0,18%"
"11.08.2021","71,44","70,83","71,72","69,07","324,04K","1,15%"
"10.08.2021","70,63","69,35","71,24","68,94","246,13K","2,30%"
"09.08.2021","69,04","70,26","70,26","67,60","353,68K","-2,35%"
"06.08.2021","70,70","71,20","72,43","70,28","298,96K","-0,83%"
"05.08.2021","71,29","70,27","71,50","69,75","261,05K","1,29%"
"04.08.2021","70,38","72,33","72,83","70,11","370,13K","-2,80%"
"03.08.2021","72,41","73,08","73,55","71,05","303,73K","-0,66%"
"02.08.2021","72,89","75,39","75,39","72,31","304,87K","-4,51%"
"30.07.2021","76,33","75,81","76,38","75,38","14,39K","0,37%"
"29.07.2021","76,05","74,76","76,15","74,63","78,27K","1,75%"
"28.07.2021","74,74","74,77","75,32","74,42","111,62K","0,35%"
"27.07.2021","74,48","74,67","75,05","74,02","181,94K","-0,03%"
"26.07.2021","74,50","74,12","74,84","72,75","210,64K","0,54%"
"23.07.2021","74,10","73,56","74,22","73,32","181,66K","0,42%"
"22.07.2021","73,79","72,24","73,90","71,74","251,60K","2,16%"
"21.07.2021","72,23","68,92","72,38","68,63","306,32K","4,15%"
"20.07.2021","69,35","68,99","69,73","67,44","316,48K","1,06%"
"19.07.2021","68,62","72,86","73,34","67,75","510,92K","-6,75%"
"16.07.2021","73,59","73,18","74,09","72,34","292,66K","0,16%"
"15.07.2021","73,47","74,50","74,59","73,19","322,33K","-1,73%"
"14.07.2021","74,76","76,28","76,72","73,79","376,94K","-2,26%"
"13.07.2021","76,49","75,25","76,60","74,93","275,91K","1,77%"
"12.07.2021","75,16","75,79","75,84","74,23","262,30K","-0,52%"
"09.07.2021","75,55","74,39","75,80","73,80","248,18K","1,93%"
"08.07.2021","74,12","73,35","74,40","72,11","314,34K","0,94%"
"07.07.2021","73,43","74,69","75,99","72,60","387,43K","-1,48%"
"06.07.2021","74,53","77,06","77,84","74,13","410,70K","-3,41%"
"05.07.2021","77,16","76,23","77,26","75,70","157,22K","1,30%"
"02.07.2021","76,17","75,64","76,43","75,21","236,22K","0,44%"
"01.07.2021","75,84","74,69","76,74","74,55","405,16K","0,95%"
"30.06.2021","75,13","75,18","75,60","74,39","15,06K","0,49%"
"29.06.2021","74,76","74,67","75,51","73,90","94,94K","0,11%"
"28.06.2021","74,68","75,99","76,60","74,51","142,11K","-1,97%"
"25.06.2021","76,18","75,54","76,21","74,95","172,41K","0,82%"
"24.06.2021","75,56","75,30","75,78","74,51","165,05K","0,49%"
"23.06.2021","75,19","74,75","76,02","74,70","229,04K","0,51%"
"22.06.2021","74,81","74,88","75,30","74,32","294,72K","-0,12%"
"21.06.2021","74,90","73,33","74,95","72,98","265,47K","1,89%"
"18.06.2021","73,51","73,00","73,76","72,18","231,55K","0,59%"
"17.06.2021","73,08","73,80","74,50","72,01","336,64K","-1,76%"
"16.06.2021","74,39","74,26","74,96","73,86","306,09K","0,54%"
"15.06.2021","73,99","73,03","74,33","72,79","228,62K","1,55%"
"14.06.2021","72,86","72,70","73,64","72,59","200,72K","0,23%"
"11.06.2021","72,69","72,41","73,09","71,88","276,48K","0,23%"
"10.06.2021","72,52","72,03","72,93","70,95","346,58K","0,42%"
"09.06.2021","72,22","72,17","72,87","71,82","266,37K","0,00%"
"08.06.2021","72,22","71,42","72,42","70,71","285,23K","1,02%"
"07.06.2021","71,49","71,82","72,27","71,10","224,33K","-0,56%"
"04.06.2021","71,89","71,25","72,17","70,73","222,00K","0,81%"
"03.06.2021","71,31","71,27","71,99","70,66","229,79K","-0,06%"
"02.06.2021","71,35","70,55","71,48","70,35","221,63K","1,57%"
"01.06.2021","70,25","69,39","71,34","69,29","302,49K","1,34%"
"31.05.2021","69,32","68,98","69,82","68,75","80,18K","-0,45%"
"28.05.2021","69,63","69,69","69,92","69,26","21,26K","0,24%"
"27.05.2021","69,46","68,78","69,51","68,11","86,51K","0,86%"
"26.05.2021","68,87","68,55","69,17","68,02","134,62K","0,32%"
"25.05.2021","68,65","68,47","68,90","67,83","183,13K","0,28%"
"24.05.2021","68,46","66,72","68,64","66,46","227,25K","3,04%"
"21.05.2021","66,44","65,22","66,94","64,57","257,64K","2,04%"
"20.05.2021","65,11","66,63","67,17","64,80","388,16K","-2,33%"
"19.05.2021","66,66","68,41","68,46","65,30","386,89K","-2,98%"
"18.05.2021","68,71","69,61","70,24","67,28","378,02K","-1,08%"
"17.05.2021","69,46","68,92","69,62","68,18","230,78K","1,09%"
"14.05.2021","68,71","67,00","68,89","66,50","286,13K","2,48%"
"13.05.2021","67,05","68,88","69,04","66,48","312,00K","-3,27%"
"12.05.2021","69,32","68,78","69,90","68,18","310,30K","1,12%"
"11.05.2021","68,55","68,29","68,75","67,13","321,86K","0,34%"
"10.05.2021","68,32","68,74","69,20","67,41","265,60K","0,06%"
"07.05.2021","68,28","68,26","68,65","67,39","262,58K","0,28%"
"06.05.2021","68,09","68,47","69,37","67,93","273,28K","-1,26%"
"05.05.2021","68,96","69,35","69,95","68,35","283,73K","0,12%"
"04.05.2021","68,88","67,75","69,50","67,37","249,64K","1,95%"
"03.05.2021","67,56","66,70","67,82","66,10","148,71K","0,46%"
"30.04.2021","67,25","68,33","68,40","67,06","14,84K","-1,91%"
"29.04.2021","68,56","67,18","68,95","67,13","91,52K","1,92%"
"28.04.2021","67,27","66,58","67,85","66,13","148,95K","1,28%"
"27.04.2021","66,42","65,76","66,80","65,66","222,92K","1,17%"
"26.04.2021","65,65","66,10","66,26","64,57","257,58K","-0,70%"
"23.04.2021","66,11","65,80","66,30","65,16","187,90K","1,09%"
"22.04.2021","65,40","65,13","65,83","64,58","242,47K","0,12%"
"21.04.2021","65,32","66,22","66,52","64,96","260,88K","-1,88%"
"20.04.2021","66,57","67,20","68,08","65,51","328,24K","-0,72%"
"19.04.2021","67,05","66,70","67,23","66,17","193,81K","0,42%"
"16.04.2021","66,77","66,86","67,38","66,44","212,20K","-0,25%"
"15.04.2021","66,94","66,38","67,03","65,95","240,31K","0,54%"
"14.04.2021","66,58","64,01","66,90","63,88","323,04K","4,57%"
"13.04.2021","63,67","63,24","64,19","63,18","242,41K","0,62%"
"12.04.2021","63,28","63,03","64,31","62,41","257,84K","0,52%"
"09.04.2021","62,95","63,28","63,49","62,57","216,24K","-0,40%"
"08.04.2021","63,20","63,02","63,43","62,38","265,18K","0,06%"
"07.04.2021","63,16","62,60","63,55","61,60","321,39K","0,67%"
"06.04.2021","62,74","62,32","64,28","62,08","307,87K","0,95%"
"05.04.2021","62,15","64,57","64,81","61,25","231,78K","-4,18%"
"01.04.2021","64,86","63,12","65,17","62,38","480,37K","2,08%"
"31.03.2021","63,54","64,13","64,79","63,53","9,70K","-0,94%"
"30.03.2021","64,14","65,20","65,41","63,52","74,36K","-1,29%"
"29.03.2021","64,98","64,58","65,46","63,13","91,75K","0,63%"
"26.03.2021","64,57","62,01","64,89","61,85","147,74K","4,23%"
"25.03.2021","61,95","63,99","64,19","60,98","202,58K","-3,82%"
"24.03.2021","64,41","60,50","64,57","60,47","255,12K","5,95%"
"23.03.2021","60,79","64,30","64,30","60,27","392,60K","-5,93%"
"22.03.2021","64,62","64,53","65,12","63,45","236,34K","0,14%"
"19.03.2021","64,53","62,99","64,95","62,07","446,11K","1,98%"
"18.03.2021","63,28","67,77","68,15","61,45","516,08K","-6,94%"
"17.03.2021","68,00","68,39","68,89","66,96","309,76K","-0,57%"
"16.03.2021","68,39","68,81","68,94","67,36","248,99K","-0,71%"
"15.03.2021","68,88","69,08","70,03","67,82","262,60K","-0,49%"
"12.03.2021","69,22","69,59","69,90","69,03","251,54K","-0,59%"
"11.03.2021","69,63","68,45","69,84","67,99","289,61K","2,55%"
"10.03.2021","67,90","67,46","68,42","66,50","361,94K","0,56%"
"09.03.2021","67,52","68,13","69,33","67,12","302,61K","-1,06%"
"08.03.2021","68,24","69,97","71,38","67,80","352,59K","-1,61%"
"05.03.2021","69,36","67,16","69,69","66,67","361,76K","3,93%"
"04.03.2021","66,74","64,10","67,75","63,33","510,68K","4,17%"
"03.03.2021","64,07","62,38","64,70","62,38","341,67K","2,19%"
"02.03.2021","62,70","63,12","64,13","62,38","367,12K","-1,55%"
"01.03.2021","63,69","64,85","65,93","63,17","291,91K","-3,69%"
"26.02.2021","66,13","66,89","66,90","65,72","16,10K","-1,12%"
"25.02.2021","66,88","67,20","67,70","66,48","109,65K","-0,24%"
"24.02.2021","67,04","65,06","67,31","64,80","129,71K","2,55%"
"23.02.2021","65,37","65,51","66,79","64,47","231,18K","0,20%"
"22.02.2021","65,24","62,68","65,85","62,55","213,75K","3,70%"
"19.02.2021","62,91","63,30","63,94","62,09","305,83K","-1,60%"
"18.02.2021","63,93","65,02","65,52","63,22","420,56K","-0,64%"
"17.02.2021","64,34","63,15","64,96","62,73","391,26K","1,56%"
"16.02.2021","63,35","63,47","63,70","62,69","284,67K","0,08%"
"15.02.2021","63,30","62,83","63,76","62,82","220,38K","1,39%"
"12.02.2021","62,43","60,82","62,83","60,35","307,72K","2,11%"
"11.02.2021","61,14","61,01","61,50","60,72","209,69K","-0,54%"
"10.02.2021","61,47","61,21","61,69","60,87","287,71K","0,62%"
"09.02.2021","61,09","60,80","61,34","60,05","319,50K","0,88%"
"08.02.2021","60,56","59,43","60,72","59,43","269,31K","2,06%"
"05.02.2021","59,34","59,17","59,79","59,08","229,42K","0,85%"
"04.02.2021","58,84","58,59","59,12","58,04","244,07K","0,65%"
"03.02.2021","58,46","57,85","58,94","57,50","276,86K","1,74%"
"02.02.2021","57,46","56,35","58,05","56,33","337,68K","1,97%"
"01.02.2021","56,35","54,91","56,53","54,60","288,25K","0,84%"
"29.01.2021","55,88","55,52","56,37","55,31","19,94K","0,63%"
"28.01.2021","55,53","55,41","56,59","55,31","122,48K","-0,50%"
"27.01.2021","55,81","56,05","56,49","55,20","132,41K","-0,18%"
"26.01.2021","55,91","55,93","56,34","55,39","163,20K","0,05%"
"25.01.2021","55,88","55,26","56,02","55,07","198,27K","0,85%"
"22.01.2021","55,41","56,00","56,03","54,48","269,37K","-1,23%"
"21.01.2021","56,10","55,82","56,24","55,49","254,59K","0,04%"
"20.01.2021","56,08","56,07","56,64","55,66","310,89K","0,32%"
"19.01.2021","55,90","55,01","56,08","54,89","261,10K","2,10%"
"18.01.2021","54,75","54,75","55,21","54,49","142,87K","-0,64%"
"15.01.2021","55,10","56,41","56,50","54,64","298,41K","-2,34%"
"14.01.2021","56,42","55,93","56,57","55,24","331,29K","0,64%"
"13.01.2021","56,06","56,83","57,42","55,77","324,30K","-0,92%"
"12.01.2021","56,58","55,66","56,79","55,51","288,14K","1,65%"
"11.01.2021","55,66","56,24","56,39","54,99","295,07K","-0,59%"
"08.01.2021","55,99","54,56","56,36","54,34","336,65K","2,96%"
"07.01.2021","54,38","54,13","54,90","53,94","267,19K","0,15%"
"06.01.2021","54,30","53,52","54,73","53,02","414,41K","1,31%"
"05.01.2021","53,60","50,95","53,90","50,70","455,35K","4,91%"
"04.01.2021","51,09","51,50","53,33","50,56","382,90K","-1,37%"
"31.12.2020","51,80","51,49","51,84","50,90","133,22K","0,90%"
"30.12.2020","51,34","51,32","51,56","51,04","17,63K","0,49%"
"29.12.2020","51,09","51,02","51,63","50,86","91,33K","0,45%"
"28.12.2020","50,86","51,25","52,02","50,53","81,06K","-0,84%"
"24.12.2020","51,29","51,11","51,77","50,62","96,69K","0,18%"
"23.12.2020","51,20","49,70","51,59","49,20","182,63K","2,24%"
"22.12.2020","50,08","50,65","50,86","49,56","194,10K","-1,63%"
"21.12.2020","50,91","52,22","52,32","49,20","288,74K","-2,58%"
"18.12.2020","52,26","51,43","52,48","51,13","246,12K","1,48%"
"17.12.2020","51,50","51,12","51,90","51,08","233,88K","0,82%"
"16.12.2020","51,08","50,64","51,20","50,34","222,74K","0,63%"
"15.12.2020","50,76","50,30","50,89","49,78","190,55K","0,93%"
"14.12.2020","50,29","50,05","50,80","49,13","236,96K","0,64%"
"11.12.2020","49,97","50,45","50,74","49,74","231,87K","-0,56%"
"10.12.2020","50,25","49,00","51,06","48,86","288,73K","2,84%"
"09.12.2020","48,86","48,84","49,55","48,40","267,79K","0,04%"
"08.12.2020","48,84","48,58","49,00","48,09","225,24K","0,10%"
"07.12.2020","48,79","49,23","49,43","48,40","207,51K","-0,93%"
"04.12.2020","49,25","48,96","49,92","48,84","253,64K","1,11%"
"03.12.2020","48,71","48,00","48,94","47,67","274,73K","0,95%"
"02.12.2020","48,25","47,05","48,76","46,82","285,74K","1,75%"
"01.12.2020","47,42","47,79","48,30","46,88","258,69K","-0,36%"
"30.11.2020","47,59","47,91","47,99","46,85","20,68K","-1,22%"
"27.11.2020","48,18","47,81","48,44","47,34","87,75K","0,79%"
"26.11.2020","47,80","48,76","49,09","47,53","88,76K","-1,67%"
"25.11.2020","48,61","47,80","49,06","47,72","231,03K","1,57%"
"24.11.2020","47,86","45,90","48,03","45,89","263,24K","3,91%"
"23.11.2020","46,06","45,08","46,12","44,89","267,25K","2,45%"
"20.11.2020","44,96","44,15","45,24","44,05","264,01K","1,72%"
"19.11.2020","44,20","43,96","44,57","43,79","210,30K","-0,32%"
"18.11.2020","44,34","43,75","44,89","43,48","242,88K","1,35%"
"17.11.2020","43,75","43,89","44,25","43,08","226,35K","-0,16%"
"16.11.2020","43,82","42,71","44,67","42,71","268,43K","2,43%"
"13.11.2020","42,78","43,20","43,34","42,63","216,74K","-1,72%"
"12.11.2020","43,53","43,73","44,50","43,26","266,04K","-0,62%"
"11.11.2020","43,80","43,77","45,30","43,60","346,77K","0,44%"
"10.11.2020","43,61","41,75","44,11","41,71","315,25K","2,85%"
"09.11.2020","42,40","39,65","43,48","39,46","393,05K","7,48%"
"06.11.2020","39,45","40,63","40,69","39,34","255,44K","-3,62%"
"05.11.2020","40,93","40,96","41,53","40,33","219,20K","-0,73%"
"04.11.2020","41,23","40,13","41,33","39,42","250,87K","3,83%"
"03.11.2020","39,71","39,26","40,45","38,65","278,63K","1,90%"
"02.11.2020","38,97","37,37","39,36","35,74","326,07K","4,03%"
"30.10.2020","37,46","37,50","38,10","36,80","20,19K","-0,50%"
"29.10.2020","37,65","39,16","39,45","36,64","112,49K","-3,76%"
"28.10.2020","39,12","40,61","40,70","38,75","163,83K","-5,05%"
"27.10.2020","41,20","40,50","41,47","40,40","207,54K","1,83%"
"26.10.2020","40,46","41,53","41,63","40,22","210,53K","-3,14%"
"23.10.2020","41,77","42,40","42,80","41,50","205,21K","-1,63%"
"22.10.2020","42,46","41,59","42,79","41,46","257,20K","1,75%"
"21.10.2020","41,73","42,91","43,04","41,45","268,88K","-3,31%"
"20.10.2020","43,16","42,45","43,30","42,19","252,05K","1,27%"
"19.10.2020","42,62","42,69","43,23","42,36","209,06K","-0,72%"
"16.10.2020","42,93","43,10","43,21","42,27","197,16K","-0,53%"
"15.10.2020","43,16","43,45","43,48","41,56","295,28K","-0,37%"
"14.10.2020","43,32","42,43","43,45","42,13","279,12K","2,05%"
"13.10.2020","42,45","41,81","42,68","41,66","227,85K","1,75%"
"12.10.2020","41,72","42,60","42,71","41,36","238,87K","-2,64%"
"09.10.2020","42,85","43,36","43,57","42,61","254,62K","-1,13%"
"08.10.2020","43,34","42,15","43,47","41,86","266,26K","3,22%"
"07.10.2020","41,99","41,85","42,42","41,36","241,20K","-1,55%"
"06.10.2020","42,65","41,41","42,84","41,22","291,68K","3,29%"
"05.10.2020","41,29","39,19","41,78","39,14","273,76K","5,14%"
"02.10.2020","39,27","40,65","40,77","38,79","337,41K","-4,06%"
"01.10.2020","40,93","42,17","42,56","39,92","338,72K","-0,05%"
"30.09.2020","40,95","40,66","40,98","40,30","19,38K","-0,19%"
"29.09.2020","41,03","42,47","42,52","40,43","91,60K","-3,30%"
"28.09.2020","42,43","41,87","42,62","41,48","91,82K","1,22%"
"25.09.2020","41,92","41,85","42,33","41,52","129,40K","-0,05%"
"24.09.2020","41,94","41,36","42,02","41,27","162,93K","0,41%"
"23.09.2020","41,77","41,67","42,62","41,21","183,88K","0,12%"
"22.09.2020","41,72","41,79","42,20","41,21","210,74K","0,68%"
"21.09.2020","41,44","43,01","43,30","40,96","217,36K","-3,96%"
"18.09.2020","43,15","43,22","43,80","42,53","204,66K","-0,35%"
"17.09.2020","43,30","42,32","43,50","41,50","237,40K","2,56%"
"16.09.2020","42,22","40,72","42,44","40,59","237,25K","4,17%"
"15.09.2020","40,53","39,70","40,82","39,39","214,80K","2,32%"
"14.09.2020","39,61","39,78","40,09","39,30","200,09K","-0,55%"
"11.09.2020","39,83","39,96","40,34","39,38","211,88K","-0,57%"
"10.09.2020","40,06","40,58","40,96","39,71","208,86K","-1,79%"
"09.09.2020","40,79","39,65","41,20","39,37","278,22K","2,54%"
"08.09.2020","39,78","42,08","42,23","39,31","363,53K","-5,31%"
"07.09.2020","42,01","42,20","42,43","41,51","122,98K","-1,52%"
"04.09.2020","42,66","43,76","44,54","42,30","270,96K","-3,20%"
"03.09.2020","44,07","44,65","44,65","43,15","274,93K","-0,81%"
"02.09.2020","44,43","45,83","46,05","44,20","260,14K","-2,52%"
"01.09.2020","45,58","45,60","46,22","45,47","206,72K","0,66%"
"31.08.2020","45,28","45,80","46,53","45,21","174,31K","0,51%"
"28.08.2020","45,05","45,10","45,30","44,80","21,14K","-0,09%"
"27.08.2020","45,09","45,70","45,87","44,56","102,26K","-1,21%"
"26.08.2020","45,64","45,97","46,10","45,54","132,51K","-0,48%"
"25.08.2020","45,86","45,12","46,07","45,08","178,31K","1,62%"
"24.08.2020","45,13","44,50","45,18","44,29","176,64K","1,76%"
"21.08.2020","44,35","45,03","45,08","43,59","221,99K","-1,22%"
"20.08.2020","44,90","45,14","45,18","44,02","249,74K","-1,04%"
"19.08.2020","45,37","45,17","45,48","44,81","174,88K","-0,20%"
"18.08.2020","45,46","45,27","45,55","44,76","181,69K","0,20%"
"17.08.2020","45,37","44,86","45,41","44,53","164,23K","1,27%"
"14.08.2020","44,80","45,29","45,29","44,47","151,46K","-0,36%"
"13.08.2020","44,96","45,32","45,58","44,82","148,41K","-1,03%"
"12.08.2020","45,43","44,62","45,63","44,49","166,48K","2,09%"
"11.08.2020","44,50","45,05","45,79","44,39","202,74K","-1,09%"
"10.08.2020","44,99","44,66","45,26","44,37","135,30K","1,33%"
"07.08.2020","44,40","45,15","45,30","44,27","171,72K","-1,53%"
"06.08.2020","45,09","45,32","45,71","44,85","184,52K","-0,18%"
"05.08.2020","45,17","44,28","46,23","44,24","246,98K","1,67%"
"04.08.2020","44,43","43,84","44,82","43,24","227,12K","0,63%"
"03.08.2020","44,15","43,53","44,46","42,89","198,70K","1,96%"
"31.07.2020","43,30","43,29","43,44","43,05","14,42K","0,84%"
"30.07.2020","42,94","43,73","43,80","41,38","63,20K","-1,85%"
"29.07.2020","43,75","43,31","43,95","43,20","64,92K","1,23%"
"28.07.2020","43,22","43,55","43,84","43,00","107,34K","-0,44%"
"27.07.2020","43,41","43,35","43,77","42,39","174,75K","0,16%"
"24.07.2020","43,34","43,27","43,90","42,79","191,05K","0,07%"
"23.07.2020","43,31","44,10","44,77","43,13","262,24K","-2,21%"
"22.07.2020","44,29","44,03","44,40","43,62","202,16K","-0,07%"
"21.07.2020","44,32","43,17","44,89","43,16","229,78K","2,40%"
"20.07.2020","43,28","43,08","43,45","42,36","179,43K","0,32%"
"17.07.2020","43,14","43,40","43,45","42,64","162,40K","-0,53%"
"16.07.2020","43,37","43,71","43,80","43,14","172,16K","-0,96%"
"15.07.2020","43,79","43,07","43,85","42,70","232,18K","2,07%"
"14.07.2020","42,90","42,24","43,22","41,80","221,12K","0,42%"
"13.07.2020","42,72","43,12","43,34","42,14","200,31K","-1,20%"
"10.07.2020","43,24","42,36","43,42","41,32","214,05K","2,10%"
"09.07.2020","42,35","43,30","43,50","41,94","237,75K","-2,17%"
"08.07.2020","43,29","42,81","43,47","42,75","185,14K","0,49%"
"07.07.2020","43,08","43,13","43,45","42,46","183,23K","-0,05%"
"06.07.2020","43,10","42,79","43,71","42,74","185,02K","0,70%"
"03.07.2020","42,80","42,76","42,99","42,32","96,78K","-0,79%"
"02.07.2020","43,14","41,84","43,23","41,73","196,69K","2,64%"
"01.07.2020","42,03","41,58","42,62","41,03","252,52K","2,14%"
"30.06.2020","41,15","41,33","41,62","40,90","12,60K","-1,34%"
"29.06.2020","41,71","40,56","41,95","40,04","86,78K","1,68%"
"26.06.2020","41,02","41,44","41,81","40,29","120,32K","-0,07%"
"25.06.2020","41,05","40,35","41,64","39,47","166,05K","1,84%"
"24.06.2020","40,31","42,45","42,89","39,63","195,72K","-5,44%"
"23.06.2020","42,63","43,21","43,93","42,21","183,03K","-1,04%"
"22.06.2020","43,08","41,74","43,18","41,58","187,65K","2,11%"
"19.06.2020","42,19","41,72","42,92","41,03","217,49K","1,64%"
"18.06.2020","41,51","40,43","41,64","40,06","175,79K","1,97%"
"17.06.2020","40,71","40,61","41,46","40,03","175,24K","-0,61%"
"16.06.2020","40,96","39,94","41,65","38,95","248,58K","3,12%"
"15.06.2020","39,72","38,80","39,90","37,24","215,42K","2,56%"
"12.06.2020","38,73","37,88","39,45","37,01","237,89K","0,47%"
"11.06.2020","38,55","40,95","41,01","37,82","290,17K","-7,62%"
"10.06.2020","41,73","40,72","41,99","40,14","234,19K","1,34%"
"09.06.2020","41,18","41,10","41,45","39,85","222,36K","0,93%"
"08.06.2020","40,80","42,40","43,41","40,68","227,88K","-3,55%"
"05.06.2020","42,30","39,84","42,48","39,72","250,31K","5,78%"
"04.06.2020","39,99","39,60","40,10","39,04","172,61K","0,50%"
"03.06.2020","39,79","39,75","40,53","38,76","239,43K","0,56%"
"02.06.2020","39,57","38,34","39,75","38,26","205,22K","3,26%"
"01.06.2020","38,32","37,56","38,68","37,18","212,78K","8,46%"
"29.05.2020","35,33","35,15","35,37","34,06","14,71K","0,11%"
"28.05.2020","35,29","33,92","35,95","33,62","70,99K","1,58%"
"27.05.2020","34,74","35,93","36,16","33,98","112,25K","-3,95%"
"26.05.2020","36,17","35,66","36,68","35,26","129,98K","1,80%"
"25.05.2020","35,53","34,98","35,97","34,46","28,96K","1,14%"
"22.05.2020","35,13","36,18","36,23","33,54","174,59K","-2,58%"
"21.05.2020","36,06","35,82","36,98","35,75","178,55K","0,87%"
"20.05.2020","35,75","34,45","36,46","34,38","191,27K","3,17%"
"19.05.2020","34,65","35,66","35,76","34,20","188,93K","-0,46%"
"18.05.2020","34,81","32,78","35,72","32,69","232,25K","7,11%"
"15.05.2020","32,50","31,52","32,91","30,94","211,28K","4,40%"
"14.05.2020","31,13","29,52","31,55","28,88","222,21K","6,65%"
"13.05.2020","29,19","29,35","30,55","28,86","221,11K","-2,64%"
"12.05.2020","29,98","30,07","30,70","29,35","202,47K","1,18%"
"11.05.2020","29,63","30,70","31,47","29,35","242,21K","-4,33%"
"08.05.2020","30,97","29,60","31,14","29,43","147,30K","5,13%"
"07.05.2020","29,46","29,64","31,84","29,08","259,89K","-0,87%"
"06.05.2020","29,72","32,27","32,27","28,66","268,46K","-4,04%"
"05.05.2020","30,97","28,10","32,06","27,77","267,14K","13,86%"
"04.05.2020","27,20","26,10","28,08","25,50","215,73K","2,87%"
"01.05.2020","26,44","26,95","27,88","25,76","216,98K","4,63%"
"30.04.2020","25,27","22,87","25,76","22,87","9,69K","12,11%"
"29.04.2020","22,54","20,66","23,88","20,53","86,55K","10,17%"
"28.04.2020","20,46","19,90","21,29","18,73","123,22K","2,35%"
"27.04.2020","19,99","21,55","21,91","19,11","162,39K","-6,76%"
"24.04.2020","21,44","21,93","22,70","20,50","187,00K","0,52%"
"23.04.2020","21,33","20,89","23,22","20,07","256,30K","4,71%"
"22.04.2020","20,37","20,23","22,45","15,98","344,76K","5,38%"
"21.04.2020","19,33","26,33","26,50","17,51","637,21K","-24,40%"
"20.04.2020","25,57","28,05","28,25","25,37","361,83K","-8,94%"
"17.04.2020","28,08","28,66","28,93","27,58","286,17K","0,93%"
"16.04.2020","27,82","28,05","29,00","27,20","272,98K","0,47%"
"15.04.2020","27,69","30,26","30,33","27,16","284,34K","-6,45%"
"14.04.2020","29,60","32,25","32,32","29,38","297,55K","-6,74%"
"13.04.2020","31,74","33,99","33,99","30,63","223,29K","0,83%"
"09.04.2020","31,48","33,82","36,40","31,18","493,00K","-4,14%"
"08.04.2020","32,84","32,63","33,87","31,54","320,61K","3,04%"
"07.04.2020","31,87","33,66","34,18","31,74","303,42K","-3,57%"
"06.04.2020","33,05","31,76","34,24","30,03","296,07K","-3,11%"
"03.04.2020","34,11","29,89","35,00","28,25","541,28K","13,93%"
"02.04.2020","29,94","25,61","36,29","25,45","612,27K","21,02%"
"01.04.2020","24,74","25,99","26,28","24,52","347,29K","8,80%"
"31.03.2020","22,74","23,00","23,87","22,59","14,77K","-0,09%"
"30.03.2020","22,76","23,85","24,44","21,65","62,08K","-8,70%"
"27.03.2020","24,93","26,68","27,00","24,13","112,74K","-5,35%"
"26.03.2020","26,34","27,35","27,75","26,03","139,18K","-3,83%"
"25.03.2020","27,39","27,80","28,29","25,68","154,94K","0,88%"
"24.03.2020","27,15","27,72","28,65","26,69","198,91K","0,44%"
"23.03.2020","27,03","26,75","27,54","24,68","257,59K","0,19%"
"20.03.2020","26,98","28,10","30,94","26,81","313,84K","-5,23%"
"19.03.2020","28,47","27,19","29,42","24,96","335,72K","14,43%"
"18.03.2020","24,88","28,40","29,21","24,52","348,40K","-13,40%"
"17.03.2020","28,73","30,14","31,25","28,50","270,24K","-4,39%"
"16.03.2020","30,05","35,82","35,84","29,45","330,12K","-11,23%"
"13.03.2020","33,85","32,85","36,15","32,50","360,63K","1,90%"
"12.03.2020","33,22","35,99","36,46","32,50","472,74K","-7,18%"
"11.03.2020","35,79","37,27","39,70","35,35","471,77K","-3,84%"
"10.03.2020","37,22","35,84","38,22","35,00","551,29K","8,32%"
"09.03.2020","34,36","38,28","38,34","31,02","779,72K","-24,10%"
"06.03.2020","45,27","50,25","50,45","45,18","636,39K","-9,44%"
"05.03.2020","49,99","51,66","52,04","49,70","361,04K","-2,23%"
"04.03.2020","51,13","52,11","53,03","51,04","363,50K","-1,41%"
"03.03.2020","51,86","53,47","53,90","51,22","407,55K","-0,08%"
"02.03.2020","51,90","48,95","53,20","48,40","417,56K","2,73%"
"28.02.2020","50,52","51,42","51,52","50,05","20,36K","-3,18%"
"27.02.2020","52,18","53,18","53,25","50,97","112,16K","-2,34%"
"26.02.2020","53,43","55,13","55,45","53,03","171,50K","-2,77%"
"25.02.2020","54,95","56,46","56,98","54,62","210,28K","-2,40%"
"24.02.2020","56,30","57,85","57,86","55,13","236,33K","-3,76%"
"21.02.2020","58,50","59,00","59,25","57,73","236,49K","-1,37%"
"20.02.2020","59,31","59,31","60,00","58,90","268,65K","0,32%"
"19.02.2020","59,12","57,60","59,40","57,51","262,15K","2,37%"
"18.02.2020","57,75","57,35","57,83","56,30","249,20K","0,14%"
"17.02.2020","57,67","57,29","57,70","56,83","115,34K","0,61%"
"14.02.2020","57,32","56,41","57,53","56,15","258,14K","1,74%"
"13.02.2020","56,34","55,75","56,83","54,96","325,51K","0,99%"
"12.02.2020","55,79","54,41","56,36","54,39","305,45K","3,30%"
"11.02.2020","54,01","53,62","54,69","53,60","272,81K","1,39%"
"10.02.2020","53,27","54,20","54,71","53,11","280,18K","-2,20%"
"07.02.2020","54,47","55,14","55,40","54,21","270,80K","-0,84%"
"06.02.2020","54,93","55,56","56,58","54,25","379,87K","-0,63%"
"05.02.2020","55,28","54,05","56,46","54,05","412,27K","2,45%"
"04.02.2020","53,96","54,33","55,65","53,69","409,86K","-0,90%"
"03.02.2020","54,45","56,16","56,77","54,08","477,22K","-6,38%"
"31.01.2020","58,16","59,30","59,45","57,94","19,60K","-0,22%"
"30.01.2020","58,29","59,60","59,65","57,71","104,27K","-2,54%"
"29.01.2020","59,81","59,86","60,62","59,26","142,68K","0,50%"
"28.01.2020","59,51","59,03","60,12","58,50","248,95K","0,32%"
"27.01.2020","59,32","60,23","60,49","58,50","259,77K","-2,26%"
"24.01.2020","60,69","62,01","62,46","60,25","257,95K","-2,18%"
"23.01.2020","62,04","62,68","62,69","61,25","361,91K","-1,85%"
"22.01.2020","63,21","64,57","64,58","62,62","273,30K","-2,14%"
"21.01.2020","64,59","65,26","65,35","64,06","248,56K","-0,94%"
"20.01.2020","65,20","65,98","66,00","64,92","154,79K","0,54%"
"17.01.2020","64,85","64,69","65,60","64,48","238,64K","0,36%"
"16.01.2020","64,62","64,26","64,97","63,90","220,17K","0,97%"
"15.01.2020","64,00","64,44","64,60","63,55","229,53K","-0,76%"
"14.01.2020","64,49","64,29","65,05","63,92","270,50K","0,45%"
"13.01.2020","64,20","65,13","65,27","63,92","262,47K","-1,20%"
"10.01.2020","64,98","65,29","65,66","64,86","272,17K","-0,60%"
"09.01.2020","65,37","66,00","66,10","64,56","364,45K","-0,11%"
"08.01.2020","65,44","71,22","71,75","64,94","560,89K","-4,15%"
"07.01.2020","68,27","68,63","68,75","67,65","284,92K","-0,93%"
"06.01.2020","68,91","69,35","70,74","68,21","341,14K","0,45%"
"03.01.2020","68,60","66,28","69,50","66,22","479,70K","3,55%"
"02.01.2020","66,25","66,41","66,58","65,72","205,69K","0,38%"
"31.12.2019","66,00","66,65","66,93","65,63","171,01K","-3,57%"
"30.12.2019","68,44","68,20","68,99","68,16","29,42K","0,41%"
"27.12.2019","68,16","67,91","68,33","67,57","112,22K","0,35%"
"26.12.2019","67,92","67,27","67,99","67,22","69,82K","1,07%"
"24.12.2019","67,20","66,44","67,26","66,36","106,43K","1,22%"
"23.12.2019","66,39","66,15","66,62","65,81","131,42K","0,38%"
"20.12.2019","66,14","66,56","66,72","65,70","217,98K","-0,60%"
"19.12.2019","66,54","66,19","66,78","66,03","249,54K","0,56%"
"18.12.2019","66,17","65,84","66,43","65,56","262,34K","0,11%"
"17.12.2019","66,10","65,31","66,24","65,12","245,83K","1,16%"
"16.12.2019","65,34","65,05","65,66","64,88","186,09K","0,18%"
"13.12.2019","65,22","64,56","65,79","64,50","232,75K","1,59%"
"12.12.2019","64,20","63,90","64,85","63,87","238,31K","0,75%"
"11.12.2019","63,72","64,00","64,26","63,01","250,14K","-0,96%"
"10.12.2019","64,34","64,03","64,69","63,78","235,19K","0,14%"
"09.12.2019","64,25","64,29","64,50","63,61","239,77K","-0,22%"
"06.12.2019","64,39","63,41","64,88","62,83","314,60K","1,58%"
"05.12.2019","63,39","62,97","63,91","62,75","294,84K","0,62%"
"04.12.2019","63,00","61,08","63,51","61,00","319,04K","3,58%"
"03.12.2019","60,82","61,05","61,58","60,30","248,55K","-0,16%"
"02.12.2019","60,92","60,73","62,09","60,72","297,87K","-2,42%"
"29.11.2019","62,43","63,77","63,86","62,36","19,65K","-2,25%"
"28.11.2019","63,87","63,91","64,00","63,19","96,08K","-0,30%"
"27.11.2019","64,06","64,02","64,60","63,51","125,47K","-0,33%"
"26.11.2019","64,27","63,70","64,32","63,44","181,10K","0,97%"
"25.11.2019","63,65","63,60","63,80","62,97","212,05K","0,41%"
"22.11.2019","63,39","63,62","64,27","62,98","228,74K","-0,91%"
"21.11.2019","63,97","62,22","64,03","61,92","318,49K","2,52%"
"20.11.2019","62,40","60,94","62,80","60,30","343,31K","2,45%"
"19.11.2019","60,91","62,28","62,57","60,70","296,80K","-2,45%"
"18.11.2019","62,44","63,36","63,57","61,94","228,25K","-1,36%"
"15.11.2019","63,30","62,47","63,65","61,70","255,68K","1,64%"
"14.11.2019","62,28","62,61","63,21","62,15","234,78K","-0,14%"
"13.11.2019","62,37","61,85","62,74","61,22","273,03K","0,50%"
"12.11.2019","62,06","62,11","62,85","61,82","238,17K","-0,19%"
"11.11.2019","62,18","62,60","62,76","61,57","213,34K","-0,53%"
"08.11.2019","62,51","62,29","62,70","60,66","287,67K","0,35%"
"07.11.2019","62,29","61,73","62,89","61,65","261,07K","0,89%"
"06.11.2019","61,74","62,78","63,32","61,59","275,94K","-1,94%"
"05.11.2019","62,96","62,04","63,19","61,85","231,67K","1,34%"
"04.11.2019","62,13","61,80","62,78","61,28","235,38K","0,71%"
"01.11.2019","61,69","59,45","61,82","59,40","236,09K","2,42%"
"31.10.2019","60,23","60,57","61,13","60,07","13,90K","-0,63%"
"30.10.2019","60,61","61,60","61,93","60,45","105,87K","-1,59%"
"29.10.2019","61,59","61,61","61,98","60,66","136,93K","0,03%"
"28.10.2019","61,57","62,04","62,34","61,19","167,86K","-0,73%"
"25.10.2019","62,02","61,50","62,11","60,93","204,45K","0,57%"
"24.10.2019","61,67","60,99","61,90","60,64","215,54K","0,82%"
"23.10.2019","61,17","59,48","61,30","58,85","313,23K","2,46%"
"22.10.2019","59,70","59,05","60,26","58,75","260,60K","1,26%"
"21.10.2019","58,96","59,23","59,55","58,26","212,57K","-0,77%"
"18.10.2019","59,42","59,78","60,29","59,01","228,14K","-0,82%"
"17.10.2019","59,91","58,99","60,04","58,69","269,84K","0,82%"
"16.10.2019","59,42","58,90","59,75","58,36","257,88K","1,16%"
"15.10.2019","58,74","59,30","59,68","58,00","305,68K","-1,03%"
"14.10.2019","59,35","60,69","60,73","58,50","283,07K","-1,92%"
"11.10.2019","60,51","59,53","60,69","59,21","367,63K","2,39%"
"10.10.2019","59,10","58,04","59,60","57,80","262,53K","1,34%"
"09.10.2019","58,32","58,02","59,35","57,91","266,48K","0,14%"
"08.10.2019","58,24","58,47","58,92","57,38","274,74K","-0,19%"
"07.10.2019","58,35","58,02","59,68","58,02","228,41K","-0,03%"
"04.10.2019","58,37","57,69","58,96","57,67","299,92K","1,14%"
"03.10.2019","57,71","57,54","57,99","56,15","336,90K","0,03%"
"02.10.2019","57,69","59,25","59,50","57,22","307,91K","-2,04%"
"01.10.2019","58,89","59,38","60,10","58,41","291,67K","-3,11%"
"30.09.2019","60,78","62,24","62,24","60,73","22,01K","-1,83%"
"27.09.2019","61,91","62,48","62,75","60,76","97,33K","-1,32%"
"26.09.2019","62,74","62,58","62,92","61,45","115,57K","0,56%"
"25.09.2019","62,39","62,44","62,81","61,23","201,47K","-1,13%"
"24.09.2019","63,10","64,40","64,60","62,30","216,28K","-2,58%"
"23.09.2019","64,77","65,23","65,50","63,53","204,78K","0,76%"
"20.09.2019","64,28","65,00","65,28","64,05","224,88K","-0,19%"
"19.09.2019","64,40","63,51","65,57","63,46","258,85K","1,26%"
"18.09.2019","63,60","64,23","64,99","63,04","295,05K","-1,47%"
"17.09.2019","64,55","68,15","69,26","63,55","620,49K","-6,48%"
"16.09.2019","69,02","66,45","71,95","64,75","735,54K","14,61%"
"13.09.2019","60,22","60,45","60,81","59,60","195,83K","-0,26%"
"12.09.2019","60,38","61,16","61,39","58,92","358,09K","-0,71%"
"11.09.2019","60,81","62,88","63,27","60,52","315,12K","-2,52%"
"10.09.2019","62,38","62,82","63,78","62,17","267,55K","-0,34%"
"09.09.2019","62,59","61,60","63,00","61,57","249,71K","1,71%"
"06.09.2019","61,54","60,81","61,88","59,40","287,36K","0,97%"
"05.09.2019","60,95","60,49","62,40","60,25","292,06K","0,41%"
"04.09.2019","60,70","58,17","60,96","58,13","283,10K","4,19%"
"03.09.2019","58,26","58,54","58,87","57,23","265,12K","-0,68%"
"02.09.2019","58,66","58,80","59,26","58,10","121,64K","-2,93%"